County Name,Date of Death,Total Deaths
Northampton,03/01/2020 12:00:00 AM,62
Crawford,02/01/2021 12:00:00 AM,3753
Somerset,03/01/2021 12:00:00 AM,5794
Allegheny,11/01/2020 12:00:00 AM,15013
Lebanon,12/01/2020 12:00:00 AM,4464
Centre,03/01/2020 12:00:00 AM,0
Greene,12/01/2020 12:00:00 AM,370
Schuylkill,05/01/2020 12:00:00 AM,802
Snyder,04/01/2021 12:00:00 AM,2507
Blair,07/01/2020 12:00:00 AM,55
Carbon,11/01/2021 12:00:00 AM,3299
Franklin,09/01/2021 12:00:00 AM,12088
Crawford,08/01/2021 12:00:00 AM,4932
Tioga,11/01/2021 12:00:00 AM,2199
Clarion,08/01/2021 12:00:00 AM,3049
Blair,03/01/2021 12:00:00 AM,9634
Cambria,07/01/2020 12:00:00 AM,93
Montgomery,06/01/2021 12:00:00 AM,52319
Indiana,04/01/2020 12:00:00 AM,72
McKean,12/01/2020 12:00:00 AM,481
Delaware,01/01/2021 12:00:00 AM,34544
Snyder,05/01/2020 12:00:00 AM,22
Mercer,06/01/2020 12:00:00 AM,180
Cambria,08/01/2020 12:00:00 AM,115
Lycoming,03/01/2020 12:00:00 AM,0
Mercer,04/01/2020 12:00:00 AM,31
Philadelphia,12/01/2020 12:00:00 AM,74410
Montgomery,04/01/2021 12:00:00 AM,49846
Montour,02/01/2021 12:00:00 AM,1731
Allegheny,04/01/2020 12:00:00 AM,1661
Berks,04/01/2020 12:00:00 AM,2280
Mercer,07/01/2021 12:00:00 AM,8261
Luzerne,11/01/2020 12:00:00 AM,7847
Jefferson,09/01/2021 12:00:00 AM,3227
Juniata,02/01/2021 12:00:00 AM,2231
Monroe,10/01/2020 12:00:00 AM,4168
Greene,11/01/2020 12:00:00 AM,75
Clearfield,05/01/2021 12:00:00 AM,4621
Montour,08/01/2021 12:00:00 AM,2077
Allegheny,03/01/2020 12:00:00 AM,11
Lackawanna,02/01/2021 12:00:00 AM,11589
Fayette,07/01/2020 12:00:00 AM,132
Lebanon,04/01/2021 12:00:00 AM,8255
Lycoming,08/01/2021 12:00:00 AM,9448
Schuylkill,11/01/2020 12:00:00 AM,4642
Erie,02/01/2021 12:00:00 AM,10423
Monroe,10/01/2021 12:00:00 AM,11134
Wyoming,03/01/2021 12:00:00 AM,1321
Adams,10/01/2020 12:00:00 AM,854
Armstrong,10/01/2021 12:00:00 AM,5984
Dauphin,07/01/2020 12:00:00 AM,4781
Jefferson,09/01/2020 12:00:00 AM,76
Cameron,05/01/2020 12:00:00 AM,0
Cameron,08/01/2021 12:00:00 AM,310
Adams,06/01/2020 12:00:00 AM,329
Cambria,04/01/2021 12:00:00 AM,12608
Mifflin,05/01/2021 12:00:00 AM,5518
Perry,11/01/2020 12:00:00 AM,286
Cumberland,08/01/2021 12:00:00 AM,16668
Blair,12/01/2020 12:00:00 AM,4839
Tioga,10/01/2021 12:00:00 AM,3948
Columbia,06/01/2020 12:00:00 AM,988
Lawrence,11/01/2020 12:00:00 AM,2031
Greene,04/01/2020 12:00:00 AM,0
Montgomery,03/01/2021 12:00:00 AM,50021
York,10/01/2020 12:00:00 AM,6134
Lehigh,09/01/2020 12:00:00 AM,10646
Snyder,08/01/2021 12:00:00 AM,2708
Erie,04/01/2020 12:00:00 AM,13
Lycoming,04/01/2020 12:00:00 AM,2
Franklin,11/01/2021 12:00:00 AM,7609
Fulton,06/01/2021 12:00:00 AM,450
Clearfield,10/01/2020 12:00:00 AM,217
Susquehanna,06/01/2020 12:00:00 AM,613
Montgomery,02/01/2021 12:00:00 AM,42874
Fulton,07/01/2021 12:00:00 AM,504
Blair,05/01/2021 12:00:00 AM,10375
Blair,04/01/2020 12:00:00 AM,0
Lawrence,01/01/2021 12:00:00 AM,5110
Beaver,05/01/2020 12:00:00 AM,2221
Montour,03/01/2021 12:00:00 AM,1984
Dauphin,03/01/2020 12:00:00 AM,2
Butler,10/01/2020 12:00:00 AM,839
Elk,04/01/2020 12:00:00 AM,0
Wayne,11/01/2021 12:00:00 AM,1887
Indiana,01/01/2021 12:00:00 AM,4517
Beaver,10/01/2021 12:00:00 AM,14385
Cumberland,03/01/2020 12:00:00 AM,0
Carbon,07/01/2021 12:00:00 AM,5487
Sullivan,06/01/2020 12:00:00 AM,0
Allegheny,06/01/2020 12:00:00 AM,5578
Lehigh,06/01/2020 12:00:00 AM,8546
Delaware,08/01/2021 12:00:00 AM,44680
Venango,06/01/2021 12:00:00 AM,3013
Clinton,03/01/2021 12:00:00 AM,1845
Fayette,11/01/2021 12:00:00 AM,6988
Wayne,07/01/2020 12:00:00 AM,279
Wayne,05/01/2020 12:00:00 AM,202
Lancaster,03/01/2020 12:00:00 AM,13
Juniata,09/01/2020 12:00:00 AM,199
Clearfield,07/01/2021 12:00:00 AM,4900
Lycoming,11/01/2020 12:00:00 AM,1080
Fulton,06/01/2020 12:00:00 AM,30
Lawrence,11/01/2021 12:00:00 AM,4415
Fulton,12/01/2020 12:00:00 AM,285
Mifflin,07/01/2021 12:00:00 AM,5663
Bradford,10/01/2020 12:00:00 AM,328
Clearfield,03/01/2020 12:00:00 AM,0
Cambria,09/01/2020 12:00:00 AM,206
Bucks,06/01/2020 12:00:00 AM,16810
Berks,08/01/2020 12:00:00 AM,11826
Cameron,12/01/2020 12:00:00 AM,46
Northumberland,03/01/2020 12:00:00 AM,0
Susquehanna,05/01/2021 12:00:00 AM,1885
Adams,07/01/2021 12:00:00 AM,5873
Centre,06/01/2021 12:00:00 AM,6786
Washington,11/01/2021 12:00:00 AM,6566
Bedford,02/01/2021 12:00:00 AM,3580
Clinton,08/01/2020 12:00:00 AM,186
Venango,01/01/2021 12:00:00 AM,2096
Tioga,10/01/2020 12:00:00 AM,97
Delaware,04/01/2020 12:00:00 AM,4255
Carbon,08/01/2021 12:00:00 AM,5492
Sullivan,08/01/2021 12:00:00 AM,653
Mifflin,04/01/2021 12:00:00 AM,5293
Adams,03/01/2020 12:00:00 AM,0
Venango,09/01/2020 12:00:00 AM,30
Union,03/01/2020 12:00:00 AM,0
Montgomery,08/01/2020 12:00:00 AM,26964
Lancaster,02/01/2021 12:00:00 AM,28189
Crawford,09/01/2020 12:00:00 AM,82
Cameron,04/01/2020 12:00:00 AM,0
Lackawanna,11/01/2021 12:00:00 AM,8462
Bedford,11/01/2021 12:00:00 AM,2918
Lehigh,05/01/2021 12:00:00 AM,26525
Huntingdon,05/01/2020 12:00:00 AM,31
Bucks,11/01/2020 12:00:00 AM,19895
McKean,11/01/2021 12:00:00 AM,1554
Crawford,05/01/2020 12:00:00 AM,0
Mercer,03/01/2020 12:00:00 AM,0
Westmoreland,08/01/2021 12:00:00 AM,24655
Lawrence,03/01/2021 12:00:00 AM,6089
Wyoming,12/01/2020 12:00:00 AM,911
Delaware,02/01/2021 12:00:00 AM,34644
Fayette,04/01/2020 12:00:00 AM,82
Mercer,10/01/2021 12:00:00 AM,10081
Sullivan,10/01/2020 12:00:00 AM,24
Philadelphia,09/01/2020 12:00:00 AM,54931
Juniata,05/01/2021 12:00:00 AM,2666
Cumberland,03/01/2021 12:00:00 AM,15273
Beaver,05/01/2021 12:00:00 AM,11870
Philadelphia,05/01/2020 12:00:00 AM,40402
Pike,08/01/2021 12:00:00 AM,1691
Washington,11/01/2020 12:00:00 AM,1801
Westmoreland,11/01/2020 12:00:00 AM,5327
Venango,07/01/2020 12:00:00 AM,0
Butler,03/01/2020 12:00:00 AM,7
Huntingdon,06/01/2020 12:00:00 AM,120
Wyoming,09/01/2020 12:00:00 AM,240
Carbon,11/01/2020 12:00:00 AM,1273
Lackawanna,07/01/2020 12:00:00 AM,6516
Beaver,08/01/2021 12:00:00 AM,12403
Cameron,09/01/2020 12:00:00 AM,0
Potter,11/01/2020 12:00:00 AM,72
Indiana,07/01/2020 12:00:00 AM,186
Montour,10/01/2021 12:00:00 AM,2195
Carbon,07/01/2020 12:00:00 AM,864
Cumberland,01/01/2021 12:00:00 AM,12516
Mifflin,06/01/2020 12:00:00 AM,30
Dauphin,05/01/2021 12:00:00 AM,17008
Potter,05/01/2021 12:00:00 AM,713
Carbon,03/01/2021 12:00:00 AM,4824
Chester,09/01/2021 12:00:00 AM,25651
Tioga,02/01/2021 12:00:00 AM,2611
Columbia,02/01/2021 12:00:00 AM,3427
Perry,11/01/2021 12:00:00 AM,2077
McKean,06/01/2021 12:00:00 AM,2230
Perry,02/01/2021 12:00:00 AM,2307
Susquehanna,11/01/2021 12:00:00 AM,1126
Clarion,07/01/2020 12:00:00 AM,62
Fulton,04/01/2021 12:00:00 AM,450
Philadelphia,11/01/2020 12:00:00 AM,60193
Lycoming,05/01/2021 12:00:00 AM,8897
Carbon,09/01/2021 12:00:00 AM,5540
Northampton,07/01/2021 12:00:00 AM,22495
Union,05/01/2021 12:00:00 AM,2712
Lackawanna,09/01/2020 12:00:00 AM,6446
Jefferson,10/01/2020 12:00:00 AM,107
Fulton,08/01/2021 12:00:00 AM,545
Sullivan,03/01/2021 12:00:00 AM,616
Somerset,04/01/2020 12:00:00 AM,0
Wayne,02/01/2021 12:00:00 AM,1768
Bucks,04/01/2020 12:00:00 AM,3267
Cumberland,02/01/2021 12:00:00 AM,13236
Crawford,06/01/2020 12:00:00 AM,1
Union,05/01/2020 12:00:00 AM,31
Dauphin,03/01/2021 12:00:00 AM,15947
Montour,05/01/2020 12:00:00 AM,0
Lackawanna,09/01/2021 12:00:00 AM,15001
Wyoming,06/01/2021 12:00:00 AM,1591
Columbia,07/01/2021 12:00:00 AM,4216
Armstrong,04/01/2020 12:00:00 AM,43
Luzerne,06/01/2021 12:00:00 AM,24870
Perry,09/01/2020 12:00:00 AM,180
Schuylkill,04/01/2021 12:00:00 AM,11741
Northampton,07/01/2020 12:00:00 AM,9048
Cambria,01/01/2021 12:00:00 AM,11087
McKean,07/01/2020 12:00:00 AM,31
Mercer,11/01/2020 12:00:00 AM,1332
Fayette,06/01/2020 12:00:00 AM,120
Northumberland,06/01/2020 12:00:00 AM,143
Butler,12/01/2020 12:00:00 AM,5135
Clinton,07/01/2021 12:00:00 AM,2108
Adams,10/01/2021 12:00:00 AM,6725
Armstrong,06/01/2020 12:00:00 AM,164
Columbia,04/01/2020 12:00:00 AM,211
Delaware,09/01/2021 12:00:00 AM,43978
Butler,03/01/2021 12:00:00 AM,11909
Lackawanna,08/01/2020 12:00:00 AM,6568
Schuylkill,06/01/2020 12:00:00 AM,1379
Dauphin,04/01/2020 12:00:00 AM,346
Westmoreland,06/01/2020 12:00:00 AM,1149
Monroe,01/01/2021 12:00:00 AM,7232
Monroe,07/01/2020 12:00:00 AM,3789
Luzerne,06/01/2020 12:00:00 AM,5205
Beaver,10/01/2020 12:00:00 AM,4363
Erie,09/01/2020 12:00:00 AM,1096
Lawrence,04/01/2020 12:00:00 AM,157
Northumberland,11/01/2021 12:00:00 AM,6623
Clarion,10/01/2021 12:00:00 AM,3711
Centre,09/01/2021 12:00:00 AM,7005
Crawford,06/01/2021 12:00:00 AM,4636
Northumberland,05/01/2020 12:00:00 AM,64
Columbia,08/01/2021 12:00:00 AM,4232
McKean,02/01/2021 12:00:00 AM,1717
Pike,04/01/2020 12:00:00 AM,200
Lawrence,02/01/2021 12:00:00 AM,5194
Montgomery,09/01/2020 12:00:00 AM,26483
Columbia,07/01/2020 12:00:00 AM,1084
Luzerne,08/01/2020 12:00:00 AM,5797
Butler,09/01/2021 12:00:00 AM,13441
Dauphin,04/01/2021 12:00:00 AM,16034
Blair,09/01/2021 12:00:00 AM,10569
Chester,04/01/2021 12:00:00 AM,23382
Westmoreland,07/01/2021 12:00:00 AM,24319
Bradford,01/01/2021 12:00:00 AM,2035
Lancaster,09/01/2020 12:00:00 AM,13694
Bucks,08/01/2021 12:00:00 AM,41838
Perry,03/01/2021 12:00:00 AM,2728
Lehigh,03/01/2021 12:00:00 AM,24810
Lackawanna,11/01/2020 12:00:00 AM,6822
Northumberland,12/01/2020 12:00:00 AM,6251
Sullivan,11/01/2020 12:00:00 AM,30
Montgomery,03/01/2020 12:00:00 AM,50
Venango,12/01/2020 12:00:00 AM,1103
Franklin,04/01/2021 12:00:00 AM,10529
Lebanon,09/01/2020 12:00:00 AM,1788
Dauphin,11/01/2020 12:00:00 AM,6361
Lehigh,07/01/2021 12:00:00 AM,26892
Chester,10/01/2021 12:00:00 AM,27104
McKean,11/01/2020 12:00:00 AM,111
Perry,05/01/2021 12:00:00 AM,3100
Pike,07/01/2021 12:00:00 AM,1674
Lycoming,04/01/2021 12:00:00 AM,8268
Sullivan,12/01/2020 12:00:00 AM,63
Fulton,10/01/2021 12:00:00 AM,899
Montgomery,07/01/2021 12:00:00 AM,54221
Union,10/01/2020 12:00:00 AM,280
Wayne,12/01/2020 12:00:00 AM,518
Bedford,01/01/2021 12:00:00 AM,3648
Tioga,03/01/2020 12:00:00 AM,0
Philadelphia,05/01/2021 12:00:00 AM,113761
Lackawanna,10/01/2020 12:00:00 AM,6721
Clinton,11/01/2020 12:00:00 AM,318
Columbia,03/01/2021 12:00:00 AM,3915
Warren,10/01/2020 12:00:00 AM,31
Mifflin,01/01/2021 12:00:00 AM,4551
Clearfield,12/01/2020 12:00:00 AM,1239
Northumberland,09/01/2021 12:00:00 AM,11493
Westmoreland,05/01/2020 12:00:00 AM,1154
Indiana,08/01/2020 12:00:00 AM,246
Centre,11/01/2020 12:00:00 AM,1310
Adams,08/01/2020 12:00:00 AM,685
Mifflin,10/01/2021 12:00:00 AM,5996
Cumberland,11/01/2020 12:00:00 AM,3332
Tioga,07/01/2020 12:00:00 AM,63
Centre,04/01/2020 12:00:00 AM,15
Snyder,07/01/2020 12:00:00 AM,62
Susquehanna,09/01/2020 12:00:00 AM,839
Armstrong,06/01/2021 12:00:00 AM,4468
Elk,06/01/2021 12:00:00 AM,1254
Perry,10/01/2021 12:00:00 AM,3666
Lawrence,07/01/2021 12:00:00 AM,6794
Cameron,06/01/2020 12:00:00 AM,0
Clearfield,03/01/2021 12:00:00 AM,3929
Centre,02/01/2021 12:00:00 AM,5805
Fayette,05/01/2020 12:00:00 AM,124
Bedford,03/01/2021 12:00:00 AM,4016
Warren,07/01/2021 12:00:00 AM,3317
Greene,02/01/2021 12:00:00 AM,905
Perry,01/01/2021 12:00:00 AM,2062
Greene,07/01/2021 12:00:00 AM,1302
Pike,03/01/2021 12:00:00 AM,1527
Bradford,08/01/2020 12:00:00 AM,93
Snyder,03/01/2020 12:00:00 AM,0
Warren,12/01/2020 12:00:00 AM,799
Berks,03/01/2020 12:00:00 AM,5
Lancaster,05/01/2021 12:00:00 AM,35425
Franklin,08/01/2021 12:00:00 AM,11748
Centre,05/01/2021 12:00:00 AM,6917
Somerset,11/01/2021 12:00:00 AM,4280
Lebanon,03/01/2020 12:00:00 AM,0
Indiana,04/01/2021 12:00:00 AM,5047
Franklin,01/01/2021 12:00:00 AM,8854
McKean,08/01/2020 12:00:00 AM,43
Tioga,06/01/2020 12:00:00 AM,60
Lackawanna,05/01/2020 12:00:00 AM,4472
Lackawanna,03/01/2021 12:00:00 AM,13533
Sullivan,08/01/2020 12:00:00 AM,0
Lycoming,09/01/2020 12:00:00 AM,781
Carbon,03/01/2020 12:00:00 AM,2
Clearfield,11/01/2020 12:00:00 AM,344
Columbia,12/01/2020 12:00:00 AM,1921
Dauphin,12/01/2020 12:00:00 AM,9090
Warren,09/01/2021 12:00:00 AM,3407
Delaware,03/01/2020 12:00:00 AM,44
Beaver,12/01/2020 12:00:00 AM,6946
Mercer,12/01/2020 12:00:00 AM,3746
Wayne,04/01/2020 12:00:00 AM,50
Somerset,06/01/2020 12:00:00 AM,30
Indiana,06/01/2021 12:00:00 AM,5433
Lehigh,04/01/2021 12:00:00 AM,24822
Dauphin,05/01/2020 12:00:00 AM,1886
Bradford,07/01/2020 12:00:00 AM,93
Union,06/01/2021 12:00:00 AM,2700
Indiana,09/01/2021 12:00:00 AM,5850
Cumberland,05/01/2021 12:00:00 AM,16153
Fayette,07/01/2021 12:00:00 AM,10319
Allegheny,03/01/2021 12:00:00 AM,56244
Perry,03/01/2020 12:00:00 AM,0
Pike,12/01/2020 12:00:00 AM,961
Susquehanna,07/01/2021 12:00:00 AM,1922
Berks,09/01/2020 12:00:00 AM,11892
Philadelphia,07/01/2021 12:00:00 AM,117716
Carbon,12/01/2020 12:00:00 AM,2565
McKean,09/01/2021 12:00:00 AM,2291
Monroe,12/01/2020 12:00:00 AM,5818
Crawford,12/01/2020 12:00:00 AM,2097
Montour,07/01/2021 12:00:00 AM,2077
Indiana,05/01/2021 12:00:00 AM,5470
Northumberland,02/01/2021 12:00:00 AM,8987
Washington,04/01/2021 12:00:00 AM,8693
Columbia,10/01/2021 12:00:00 AM,4690
Philadelphia,04/01/2021 12:00:00 AM,103789
Sullivan,04/01/2020 12:00:00 AM,0
Cumberland,10/01/2021 12:00:00 AM,18888
Elk,07/01/2021 12:00:00 AM,1302
Greene,05/01/2020 12:00:00 AM,0
Northampton,02/01/2021 12:00:00 AM,17713
Philadelphia,08/01/2020 12:00:00 AM,55295
Blair,11/01/2021 12:00:00 AM,6575
Fulton,04/01/2020 12:00:00 AM,1
Cumberland,12/01/2020 12:00:00 AM,8160
Cumberland,09/01/2020 12:00:00 AM,2228
Armstrong,02/01/2021 12:00:00 AM,3268
Blair,10/01/2021 12:00:00 AM,11736
Wayne,10/01/2020 12:00:00 AM,372
Wayne,03/01/2021 12:00:00 AM,2161
Philadelphia,04/01/2020 12:00:00 AM,14017
Mifflin,11/01/2020 12:00:00 AM,746
Wyoming,09/01/2021 12:00:00 AM,1665
Bedford,12/01/2020 12:00:00 AM,2617
Montgomery,10/01/2021 12:00:00 AM,57022
Delaware,10/01/2020 12:00:00 AM,23875
Northumberland,05/01/2021 12:00:00 AM,11006
Forest,04/01/2020 12:00:00 AM,0
Columbia,05/01/2020 12:00:00 AM,899
Clarion,05/01/2021 12:00:00 AM,2907
Venango,03/01/2021 12:00:00 AM,2748
Warren,05/01/2020 12:00:00 AM,0
Clinton,09/01/2020 12:00:00 AM,180
Armstrong,03/01/2020 12:00:00 AM,0
Delaware,06/01/2020 12:00:00 AM,19901
Mercer,08/01/2020 12:00:00 AM,403
Forest,05/01/2021 12:00:00 AM,651
Wyoming,04/01/2021 12:00:00 AM,1360
Bedford,03/01/2020 12:00:00 AM,0
Clearfield,09/01/2020 12:00:00 AM,97
Huntingdon,07/01/2021 12:00:00 AM,4212
Bradford,04/01/2020 12:00:00 AM,16
Schuylkill,07/01/2021 12:00:00 AM,12892
Clarion,02/01/2021 12:00:00 AM,2306
Lancaster,09/01/2021 12:00:00 AM,36683
Washington,07/01/2021 12:00:00 AM,9785
York,11/01/2021 12:00:00 AM,16418
Pike,01/01/2021 12:00:00 AM,1251
Union,11/01/2020 12:00:00 AM,443
Chester,06/01/2020 12:00:00 AM,9588
Bucks,03/01/2020 12:00:00 AM,21
Chester,12/01/2020 12:00:00 AM,15251
Blair,03/01/2020 12:00:00 AM,0
Washington,05/01/2020 12:00:00 AM,142
Pike,06/01/2020 12:00:00 AM,602
Indiana,02/01/2021 12:00:00 AM,4437
Dauphin,09/01/2020 12:00:00 AM,5338
Union,11/01/2021 12:00:00 AM,1697
Adams,04/01/2020 12:00:00 AM,54
York,10/01/2021 12:00:00 AM,29717
Armstrong,08/01/2020 12:00:00 AM,276
Northampton,11/01/2021 12:00:00 AM,12880
Venango,05/01/2021 12:00:00 AM,2932
Chester,07/01/2020 12:00:00 AM,10647
Northumberland,04/01/2021 12:00:00 AM,10351
Clinton,07/01/2020 12:00:00 AM,161
Pike,11/01/2021 12:00:00 AM,1047
Fayette,02/01/2021 12:00:00 AM,7431
York,05/01/2020 12:00:00 AM,660
Franklin,05/01/2020 12:00:00 AM,857
Beaver,04/01/2020 12:00:00 AM,878
Berks,04/01/2021 12:00:00 AM,29221
Lycoming,08/01/2020 12:00:00 AM,712
Beaver,03/01/2020 12:00:00 AM,4
Bucks,10/01/2020 12:00:00 AM,19367
Fulton,07/01/2020 12:00:00 AM,44
Berks,12/01/2020 12:00:00 AM,16609
Forest,09/01/2020 12:00:00 AM,0
Clinton,06/01/2020 12:00:00 AM,137
Potter,10/01/2021 12:00:00 AM,1285
Lawrence,05/01/2020 12:00:00 AM,251
Butler,07/01/2021 12:00:00 AM,13214
Forest,11/01/2021 12:00:00 AM,410
Montgomery,06/01/2020 12:00:00 AM,24011
Allegheny,01/01/2021 12:00:00 AM,45032
Westmoreland,02/01/2021 12:00:00 AM,18783
Elk,11/01/2020 12:00:00 AM,133
Schuylkill,02/01/2021 12:00:00 AM,10206
Fayette,03/01/2020 12:00:00 AM,2
Lackawanna,05/01/2021 12:00:00 AM,14690
Indiana,11/01/2020 12:00:00 AM,967
Pike,10/01/2021 12:00:00 AM,1893
Dauphin,06/01/2020 12:00:00 AM,3747
Potter,11/01/2021 12:00:00 AM,812
Westmoreland,03/01/2020 12:00:00 AM,0
Schuylkill,09/01/2021 12:00:00 AM,12982
Clinton,04/01/2020 12:00:00 AM,0
Allegheny,10/01/2021 12:00:00 AM,71586
Montour,06/01/2020 12:00:00 AM,10
Westmoreland,10/01/2021 12:00:00 AM,27504
Centre,09/01/2020 12:00:00 AM,333
Indiana,06/01/2020 12:00:00 AM,180
Washington,12/01/2020 12:00:00 AM,3451
Susquehanna,08/01/2021 12:00:00 AM,1922
McKean,10/01/2020 12:00:00 AM,62
Forest,03/01/2021 12:00:00 AM,651
Montgomery,05/01/2021 12:00:00 AM,53310
Butler,11/01/2020 12:00:00 AM,1902
Bucks,07/01/2020 12:00:00 AM,18122
Huntingdon,04/01/2021 12:00:00 AM,3831
Clarion,08/01/2020 12:00:00 AM,89
Allegheny,12/01/2020 12:00:00 AM,28314
Bucks,03/01/2021 12:00:00 AM,36427
Westmoreland,08/01/2020 12:00:00 AM,1566
Clearfield,02/01/2021 12:00:00 AM,3234
Washington,01/01/2021 12:00:00 AM,5895
Lackawanna,04/01/2021 12:00:00 AM,13695
Venango,11/01/2020 12:00:00 AM,177
Elk,08/01/2020 12:00:00 AM,62
Tioga,01/01/2021 12:00:00 AM,2662
Crawford,05/01/2021 12:00:00 AM,4659
Warren,03/01/2021 12:00:00 AM,3100
McKean,09/01/2020 12:00:00 AM,60
Fulton,01/01/2021 12:00:00 AM,380
Northampton,04/01/2021 12:00:00 AM,20940
Luzerne,10/01/2021 12:00:00 AM,28423
Butler,07/01/2020 12:00:00 AM,434
Susquehanna,12/01/2020 12:00:00 AM,1158
Bedford,10/01/2021 12:00:00 AM,5179
Montour,04/01/2021 12:00:00 AM,1958
Columbia,09/01/2020 12:00:00 AM,1054
Forest,06/01/2020 12:00:00 AM,0
Lackawanna,08/01/2021 12:00:00 AM,15204
Clearfield,10/01/2021 12:00:00 AM,5968
Washington,10/01/2020 12:00:00 AM,1052
Beaver,01/01/2021 12:00:00 AM,9389
McKean,10/01/2021 12:00:00 AM,2701
Sullivan,03/01/2020 12:00:00 AM,0
Montour,04/01/2020 12:00:00 AM,0
Clearfield,04/01/2020 12:00:00 AM,0
Somerset,05/01/2020 12:00:00 AM,11
Armstrong,01/01/2021 12:00:00 AM,3045
Lancaster,07/01/2021 12:00:00 AM,36285
Jefferson,04/01/2020 12:00:00 AM,0
Pike,11/01/2020 12:00:00 AM,726
Fayette,09/01/2020 12:00:00 AM,210
Butler,06/01/2021 12:00:00 AM,12686
Chester,03/01/2021 12:00:00 AM,23399
Fayette,11/01/2020 12:00:00 AM,555
Northampton,03/01/2021 12:00:00 AM,20938
Bradford,08/01/2021 12:00:00 AM,3045
Cameron,11/01/2021 12:00:00 AM,196
Sullivan,01/01/2021 12:00:00 AM,251
Dauphin,11/01/2021 12:00:00 AM,10743
Union,02/01/2021 12:00:00 AM,2280
Delaware,11/01/2021 12:00:00 AM,24263
Northumberland,06/01/2021 12:00:00 AM,10842
Pike,04/01/2021 12:00:00 AM,1580
Bedford,11/01/2020 12:00:00 AM,676
Butler,08/01/2020 12:00:00 AM,558
Schuylkill,12/01/2020 12:00:00 AM,7075
Bradford,03/01/2020 12:00:00 AM,0
Susquehanna,03/01/2020 12:00:00 AM,0
Wyoming,11/01/2021 12:00:00 AM,1058
Westmoreland,05/01/2021 12:00:00 AM,23745
Montgomery,11/01/2020 12:00:00 AM,27825
Pike,07/01/2020 12:00:00 AM,657
Wyoming,08/01/2021 12:00:00 AM,1674
Erie,11/01/2020 12:00:00 AM,1605
Westmoreland,04/01/2021 12:00:00 AM,22153
Schuylkill,08/01/2021 12:00:00 AM,13012
Beaver,09/01/2020 12:00:00 AM,3576
Montour,11/01/2021 12:00:00 AM,1190
Lycoming,01/01/2021 12:00:00 AM,6162
Chester,08/01/2020 12:00:00 AM,11076
Butler,04/01/2021 12:00:00 AM,12095
Juniata,04/01/2020 12:00:00 AM,3
Westmoreland,09/01/2021 12:00:00 AM,24893
Pike,05/01/2021 12:00:00 AM,1674
Tioga,03/01/2021 12:00:00 AM,2955
Clarion,06/01/2020 12:00:00 AM,60
Clarion,06/01/2021 12:00:00 AM,2888
Cameron,10/01/2021 12:00:00 AM,334
Lackawanna,04/01/2020 12:00:00 AM,1162
Northumberland,10/01/2020 12:00:00 AM,3106
Dauphin,09/01/2021 12:00:00 AM,17723
Bradford,05/01/2021 12:00:00 AM,2763
Armstrong,11/01/2021 12:00:00 AM,3421
Northumberland,09/01/2020 12:00:00 AM,1518
Erie,07/01/2021 12:00:00 AM,13013
Juniata,09/01/2021 12:00:00 AM,3037
Carbon,05/01/2020 12:00:00 AM,714
Franklin,11/01/2020 12:00:00 AM,2709
Clarion,09/01/2020 12:00:00 AM,90
Columbia,09/01/2021 12:00:00 AM,4241
Indiana,09/01/2020 12:00:00 AM,317
Warren,06/01/2020 12:00:00 AM,3
Clearfield,07/01/2020 12:00:00 AM,0
Potter,03/01/2021 12:00:00 AM,664
Huntingdon,11/01/2021 12:00:00 AM,2769
Northampton,05/01/2020 12:00:00 AM,5671
Bucks,04/01/2021 12:00:00 AM,37111
Washington,02/01/2021 12:00:00 AM,7159
Perry,04/01/2021 12:00:00 AM,2894
Luzerne,09/01/2020 12:00:00 AM,5710
Juniata,08/01/2020 12:00:00 AM,186
Beaver,03/01/2021 12:00:00 AM,11048
Lancaster,06/01/2021 12:00:00 AM,34815
Cameron,10/01/2020 12:00:00 AM,0
Venango,08/01/2021 12:00:00 AM,3248
Philadelphia,07/01/2020 12:00:00 AM,53380
Wayne,04/01/2021 12:00:00 AM,2288
Clearfield,01/01/2021 12:00:00 AM,2762
Elk,02/01/2021 12:00:00 AM,973
Cumberland,07/01/2020 12:00:00 AM,2080
Cambria,03/01/2020 12:00:00 AM,0
Indiana,10/01/2020 12:00:00 AM,435
Jefferson,06/01/2020 12:00:00 AM,25
Monroe,11/01/2021 12:00:00 AM,5961
Northumberland,07/01/2021 12:00:00 AM,11391
Delaware,03/01/2021 12:00:00 AM,39917
Sullivan,02/01/2021 12:00:00 AM,422
Centre,12/01/2020 12:00:00 AM,3899
Fulton,08/01/2020 12:00:00 AM,62
Warren,07/01/2020 12:00:00 AM,31
Snyder,12/01/2020 12:00:00 AM,1146
Allegheny,05/01/2021 12:00:00 AM,61396
McKean,01/01/2021 12:00:00 AM,1625
Forest,08/01/2020 12:00:00 AM,0
Allegheny,04/01/2021 12:00:00 AM,57054
Huntingdon,12/01/2020 12:00:00 AM,2530
Bedford,06/01/2020 12:00:00 AM,76
Luzerne,01/01/2021 12:00:00 AM,18189
Adams,05/01/2020 12:00:00 AM,192
Lebanon,08/01/2021 12:00:00 AM,9371
Clarion,03/01/2020 12:00:00 AM,0
Lackawanna,01/01/2021 12:00:00 AM,10353
Erie,01/01/2021 12:00:00 AM,9933
Luzerne,03/01/2020 12:00:00 AM,20
Bedford,04/01/2020 12:00:00 AM,22
Tioga,08/01/2020 12:00:00 AM,93
Erie,03/01/2020 12:00:00 AM,0
Greene,09/01/2021 12:00:00 AM,1408
Lawrence,08/01/2021 12:00:00 AM,7112
Cumberland,08/01/2020 12:00:00 AM,2187
Venango,08/01/2020 12:00:00 AM,12
Tioga,05/01/2020 12:00:00 AM,52
Cambria,11/01/2021 12:00:00 AM,8697
Lebanon,02/01/2021 12:00:00 AM,7098
Somerset,10/01/2021 12:00:00 AM,7668
Bradford,09/01/2020 12:00:00 AM,105
Clinton,05/01/2020 12:00:00 AM,58
Monroe,04/01/2020 12:00:00 AM,1202
Fayette,08/01/2021 12:00:00 AM,10409
Cameron,09/01/2021 12:00:00 AM,300
Sullivan,04/01/2021 12:00:00 AM,600
Bradford,12/01/2020 12:00:00 AM,1570
Dauphin,10/01/2020 12:00:00 AM,5898
Indiana,10/01/2021 12:00:00 AM,6873
Northampton,10/01/2021 12:00:00 AM,24370
Lehigh,10/01/2020 12:00:00 AM,11307
Somerset,02/01/2021 12:00:00 AM,5142
Adams,05/01/2021 12:00:00 AM,5642
Cumberland,04/01/2020 12:00:00 AM,243
Blair,09/01/2020 12:00:00 AM,521
Warren,08/01/2021 12:00:00 AM,3322
Erie,09/01/2021 12:00:00 AM,13479
Warren,04/01/2021 12:00:00 AM,3043
Huntingdon,10/01/2020 12:00:00 AM,493
Washington,08/01/2021 12:00:00 AM,9896
Philadelphia,10/01/2020 12:00:00 AM,58402
Delaware,12/01/2020 12:00:00 AM,28697
Mifflin,08/01/2021 12:00:00 AM,5673
Union,03/01/2021 12:00:00 AM,2645
Armstrong,07/01/2021 12:00:00 AM,4619
Lehigh,01/01/2021 12:00:00 AM,19894
Warren,01/01/2021 12:00:00 AM,2538
Perry,08/01/2020 12:00:00 AM,156
Franklin,10/01/2021 12:00:00 AM,13763
Lycoming,05/01/2020 12:00:00 AM,359
Potter,02/01/2021 12:00:00 AM,574
Potter,04/01/2020 12:00:00 AM,0
Lawrence,05/01/2021 12:00:00 AM,6576
Greene,11/01/2021 12:00:00 AM,962
Crawford,09/01/2021 12:00:00 AM,5073
Potter,09/01/2021 12:00:00 AM,851
Philadelphia,03/01/2021 12:00:00 AM,101544
Clearfield,04/01/2021 12:00:00 AM,4107
Washington,07/01/2020 12:00:00 AM,268
Greene,06/01/2021 12:00:00 AM,1237
Warren,10/01/2021 12:00:00 AM,3817
Susquehanna,02/01/2021 12:00:00 AM,1421
Forest,06/01/2021 12:00:00 AM,630
Carbon,05/01/2021 12:00:00 AM,5302
Cambria,05/01/2021 12:00:00 AM,13491
Lycoming,11/01/2021 12:00:00 AM,5977
Beaver,04/01/2021 12:00:00 AM,11104
Juniata,08/01/2021 12:00:00 AM,2753
Northampton,11/01/2020 12:00:00 AM,9916
Luzerne,10/01/2020 12:00:00 AM,6134
Sullivan,11/01/2021 12:00:00 AM,384
Northumberland,11/01/2020 12:00:00 AM,3670
Montgomery,10/01/2020 12:00:00 AM,27752
Lehigh,08/01/2020 12:00:00 AM,10803
Cambria,06/01/2020 12:00:00 AM,84
Huntingdon,02/01/2021 12:00:00 AM,3368
Northumberland,01/01/2021 12:00:00 AM,8686
Fayette,06/01/2021 12:00:00 AM,9875
Jefferson,03/01/2021 12:00:00 AM,2909
Columbia,04/01/2021 12:00:00 AM,3925
Franklin,07/01/2021 12:00:00 AM,11668
Juniata,06/01/2020 12:00:00 AM,154
Columbia,10/01/2020 12:00:00 AM,1269
Fulton,05/01/2020 12:00:00 AM,31
Snyder,07/01/2021 12:00:00 AM,2697
Allegheny,11/01/2021 12:00:00 AM,38823
Adams,01/01/2021 12:00:00 AM,3922
Lycoming,10/01/2021 12:00:00 AM,10835
Lebanon,10/01/2020 12:00:00 AM,2078
Wyoming,11/01/2020 12:00:00 AM,577
Fayette,12/01/2020 12:00:00 AM,2825
Lycoming,07/01/2020 12:00:00 AM,643
Delaware,04/01/2021 12:00:00 AM,40120
McKean,04/01/2020 12:00:00 AM,0
Bedford,08/01/2020 12:00:00 AM,145
Bradford,05/01/2020 12:00:00 AM,86
Berks,07/01/2020 12:00:00 AM,11344
Forest,02/01/2021 12:00:00 AM,588
Mifflin,06/01/2021 12:00:00 AM,5411
Montgomery,01/01/2021 12:00:00 AM,41893
Northampton,09/01/2021 12:00:00 AM,22740
Carbon,06/01/2021 12:00:00 AM,5285
Berks,10/01/2020 12:00:00 AM,13001
Indiana,08/01/2021 12:00:00 AM,5710
Greene,10/01/2021 12:00:00 AM,1666
Lancaster,12/01/2020 12:00:00 AM,20989
Northampton,08/01/2021 12:00:00 AM,22792
Clinton,10/01/2020 12:00:00 AM,195
Clearfield,09/01/2021 12:00:00 AM,5287
Philadelphia,06/01/2021 12:00:00 AM,113208
Wayne,01/01/2021 12:00:00 AM,1308
Lackawanna,07/01/2021 12:00:00 AM,15036
Perry,10/01/2020 12:00:00 AM,186
Clarion,11/01/2021 12:00:00 AM,2110
Armstrong,12/01/2020 12:00:00 AM,1971
Bedford,05/01/2021 12:00:00 AM,4260
Crawford,04/01/2021 12:00:00 AM,4382
Jefferson,11/01/2021 12:00:00 AM,2158
Montour,05/01/2021 12:00:00 AM,2056
Jefferson,08/01/2020 12:00:00 AM,31
Forest,01/01/2021 12:00:00 AM,471
Wayne,08/01/2021 12:00:00 AM,2609
Erie,05/01/2021 12:00:00 AM,12745
Lancaster,08/01/2020 12:00:00 AM,13269
Lawrence,08/01/2020 12:00:00 AM,567
Franklin,12/01/2020 12:00:00 AM,6007
Chester,01/01/2021 12:00:00 AM,20032
Somerset,08/01/2020 12:00:00 AM,93
Clinton,08/01/2021 12:00:00 AM,2121
Blair,10/01/2020 12:00:00 AM,867
Franklin,06/01/2021 12:00:00 AM,11192
Westmoreland,09/01/2020 12:00:00 AM,1629
Tioga,08/01/2021 12:00:00 AM,3541
Lebanon,05/01/2021 12:00:00 AM,8968
Lehigh,10/01/2021 12:00:00 AM,28856
Bedford,10/01/2020 12:00:00 AM,200
Jefferson,04/01/2021 12:00:00 AM,2933
Greene,06/01/2020 12:00:00 AM,0
McKean,05/01/2021 12:00:00 AM,2191
Venango,09/01/2021 12:00:00 AM,3308
Centre,10/01/2020 12:00:00 AM,498
Crawford,10/01/2020 12:00:00 AM,99
Jefferson,10/01/2021 12:00:00 AM,3743
Bucks,05/01/2021 12:00:00 AM,40327
Carbon,08/01/2020 12:00:00 AM,868
Mercer,02/01/2021 12:00:00 AM,6725
Warren,04/01/2020 12:00:00 AM,0
Venango,10/01/2021 12:00:00 AM,4098
Lancaster,11/01/2020 12:00:00 AM,15382
Berks,11/01/2020 12:00:00 AM,13585
Tioga,09/01/2021 12:00:00 AM,3506
Potter,04/01/2021 12:00:00 AM,683
Blair,08/01/2020 12:00:00 AM,291
Luzerne,05/01/2021 12:00:00 AM,25252
Adams,09/01/2020 12:00:00 AM,751
Allegheny,09/01/2021 12:00:00 AM,64451
Columbia,11/01/2021 12:00:00 AM,2537
Columbia,01/01/2021 12:00:00 AM,3244
Cameron,07/01/2021 12:00:00 AM,277
Montgomery,08/01/2021 12:00:00 AM,54544
Union,09/01/2021 12:00:00 AM,2802
Cambria,03/01/2021 12:00:00 AM,12667
Washington,09/01/2020 12:00:00 AM,869
Elk,03/01/2021 12:00:00 AM,1129
Cameron,03/01/2021 12:00:00 AM,124
Bradford,10/01/2021 12:00:00 AM,3638
Juniata,10/01/2021 12:00:00 AM,3548
Lebanon,06/01/2020 12:00:00 AM,1253
Bradford,06/01/2020 12:00:00 AM,90
McKean,03/01/2020 12:00:00 AM,0
Luzerne,07/01/2020 12:00:00 AM,5668
Armstrong,09/01/2021 12:00:00 AM,4857
Dauphin,08/01/2020 12:00:00 AM,5079
Lancaster,05/01/2020 12:00:00 AM,8372
Indiana,05/01/2020 12:00:00 AM,173
Blair,11/01/2020 12:00:00 AM,1745
Centre,08/01/2020 12:00:00 AM,331
Delaware,06/01/2021 12:00:00 AM,42695
Elk,12/01/2020 12:00:00 AM,436
Allegheny,08/01/2021 12:00:00 AM,64000
Juniata,01/01/2021 12:00:00 AM,2315
Allegheny,10/01/2020 12:00:00 AM,12700
Cambria,07/01/2021 12:00:00 AM,13826
Lancaster,01/01/2021 12:00:00 AM,27027
Clinton,11/01/2021 12:00:00 AM,1334
Berks,03/01/2021 12:00:00 AM,28619
Potter,07/01/2020 12:00:00 AM,0
Lancaster,04/01/2021 12:00:00 AM,33061
Luzerne,08/01/2021 12:00:00 AM,26213
Greene,03/01/2021 12:00:00 AM,1129
Jefferson,03/01/2020 12:00:00 AM,0
Elk,06/01/2020 12:00:00 AM,0
Clearfield,06/01/2021 12:00:00 AM,4636
Franklin,06/01/2020 12:00:00 AM,1304
Carbon,10/01/2021 12:00:00 AM,6127
Wyoming,10/01/2021 12:00:00 AM,1896
Cambria,11/01/2020 12:00:00 AM,1425
Adams,06/01/2021 12:00:00 AM,5614
Cambria,09/01/2021 12:00:00 AM,13955
Juniata,10/01/2020 12:00:00 AM,245
Allegheny,07/01/2021 12:00:00 AM,63104
Mercer,08/01/2021 12:00:00 AM,8375
Potter,07/01/2021 12:00:00 AM,775
Clarion,05/01/2020 12:00:00 AM,62
Clinton,06/01/2021 12:00:00 AM,2022
Clarion,04/01/2021 12:00:00 AM,2713
Greene,04/01/2021 12:00:00 AM,1174
Montgomery,04/01/2020 12:00:00 AM,5695
Somerset,07/01/2020 12:00:00 AM,44
Venango,04/01/2021 12:00:00 AM,2732
Union,08/01/2020 12:00:00 AM,99
Centre,01/01/2021 12:00:00 AM,5622
York,06/01/2021 12:00:00 AM,24900
Greene,08/01/2020 12:00:00 AM,31
Montour,01/01/2021 12:00:00 AM,1441
Montour,07/01/2020 12:00:00 AM,77
Philadelphia,02/01/2021 12:00:00 AM,87565
Beaver,09/01/2021 12:00:00 AM,12802
Lycoming,12/01/2020 12:00:00 AM,3215
Mercer,05/01/2020 12:00:00 AM,154
Clinton,03/01/2020 12:00:00 AM,0
Jefferson,11/01/2020 12:00:00 AM,172
Snyder,06/01/2020 12:00:00 AM,42
Monroe,03/01/2021 12:00:00 AM,8711
Somerset,05/01/2021 12:00:00 AM,6497
Pike,10/01/2020 12:00:00 AM,708
Lycoming,10/01/2020 12:00:00 AM,944
Somerset,03/01/2020 12:00:00 AM,0
Clinton,09/01/2021 12:00:00 AM,2098
Lehigh,11/01/2021 12:00:00 AM,15228
Luzerne,04/01/2021 12:00:00 AM,23764
Warren,09/01/2020 12:00:00 AM,30
Bucks,05/01/2020 12:00:00 AM,13844
Lehigh,11/01/2020 12:00:00 AM,11462
Tioga,09/01/2020 12:00:00 AM,90
Susquehanna,03/01/2021 12:00:00 AM,1629
Lawrence,07/01/2020 12:00:00 AM,316
Crawford,08/01/2020 12:00:00 AM,49
Lebanon,06/01/2021 12:00:00 AM,8864
Blair,07/01/2021 12:00:00 AM,10657
Lebanon,04/01/2020 12:00:00 AM,142
Erie,12/01/2020 12:00:00 AM,5577
Schuylkill,10/01/2020 12:00:00 AM,2530
Clearfield,08/01/2020 12:00:00 AM,30
Washington,06/01/2020 12:00:00 AM,180
Clinton,10/01/2021 12:00:00 AM,2292
Potter,01/01/2021 12:00:00 AM,542
Westmoreland,10/01/2020 12:00:00 AM,2597
Perry,04/01/2020 12:00:00 AM,29
Forest,10/01/2021 12:00:00 AM,743
Wyoming,01/01/2021 12:00:00 AM,1078
Westmoreland,01/01/2021 12:00:00 AM,17889
Mifflin,10/01/2020 12:00:00 AM,105
Monroe,06/01/2020 12:00:00 AM,3266
Warren,05/01/2021 12:00:00 AM,3209
Northampton,12/01/2020 12:00:00 AM,12323
Mifflin,02/01/2021 12:00:00 AM,4696
Wyoming,08/01/2020 12:00:00 AM,248
Juniata,06/01/2021 12:00:00 AM,2623
Sullivan,10/01/2021 12:00:00 AM,744
Clearfield,08/01/2021 12:00:00 AM,5123
Luzerne,04/01/2020 12:00:00 AM,1301
Huntingdon,09/01/2021 12:00:00 AM,4315
Cameron,06/01/2021 12:00:00 AM,224
Perry,07/01/2021 12:00:00 AM,3131
Forest,12/01/2020 12:00:00 AM,114
Wayne,03/01/2020 12:00:00 AM,0
Franklin,03/01/2020 12:00:00 AM,0
Bucks,08/01/2020 12:00:00 AM,18499
Union,01/01/2021 12:00:00 AM,2071
Philadelphia,09/01/2021 12:00:00 AM,117247
Westmoreland,04/01/2020 12:00:00 AM,522
Potter,08/01/2021 12:00:00 AM,790
Cambria,04/01/2020 12:00:00 AM,51
York,03/01/2020 12:00:00 AM,0
Monroe,08/01/2021 12:00:00 AM,10102
Fulton,03/01/2021 12:00:00 AM,458
Westmoreland,11/01/2021 12:00:00 AM,15006
Clarion,03/01/2021 12:00:00 AM,2730
Adams,03/01/2021 12:00:00 AM,4889
Somerset,08/01/2021 12:00:00 AM,6796
Wayne,06/01/2021 12:00:00 AM,2493
Cameron,08/01/2020 12:00:00 AM,0
Potter,06/01/2021 12:00:00 AM,750
Dauphin,08/01/2021 12:00:00 AM,17832
Sullivan,05/01/2021 12:00:00 AM,620
Potter,03/01/2020 12:00:00 AM,0
Bucks,09/01/2021 12:00:00 AM,41201
Northumberland,04/01/2020 12:00:00 AM,13
Jefferson,05/01/2020 12:00:00 AM,0
Susquehanna,09/01/2021 12:00:00 AM,1879
Blair,04/01/2021 12:00:00 AM,9578
Bedford,04/01/2021 12:00:00 AM,3952
Huntingdon,05/01/2021 12:00:00 AM,4102
Indiana,11/01/2021 12:00:00 AM,3963
Indiana,12/01/2020 12:00:00 AM,2985
Forest,11/01/2020 12:00:00 AM,30
Cambria,02/01/2021 12:00:00 AM,10932
Pike,08/01/2020 12:00:00 AM,682
Warren,08/01/2020 12:00:00 AM,31
Armstrong,10/01/2020 12:00:00 AM,622
Snyder,10/01/2020 12:00:00 AM,457
Centre,10/01/2021 12:00:00 AM,7568
Bedford,06/01/2021 12:00:00 AM,4232
Cumberland,10/01/2020 12:00:00 AM,2406
Snyder,01/01/2021 12:00:00 AM,1910
York,03/01/2021 12:00:00 AM,23215
McKean,08/01/2021 12:00:00 AM,2330
Allegheny,08/01/2020 12:00:00 AM,9289
Bradford,07/01/2021 12:00:00 AM,2978
Elk,09/01/2020 12:00:00 AM,60
Fayette,09/01/2021 12:00:00 AM,10471
Bucks,10/01/2021 12:00:00 AM,43894
Juniata,03/01/2020 12:00:00 AM,0
Susquehanna,08/01/2020 12:00:00 AM,837
Montgomery,09/01/2021 12:00:00 AM,53657
Armstrong,08/01/2021 12:00:00 AM,4652
Centre,04/01/2021 12:00:00 AM,6537
Schuylkill,01/01/2021 12:00:00 AM,9701
Lawrence,09/01/2021 12:00:00 AM,7307
Perry,07/01/2020 12:00:00 AM,155
Westmoreland,07/01/2020 12:00:00 AM,1318
Wayne,06/01/2020 12:00:00 AM,270
Bedford,05/01/2020 12:00:00 AM,57
Huntingdon,01/01/2021 12:00:00 AM,3256
Clinton,12/01/2020 12:00:00 AM,687
Lackawanna,06/01/2021 12:00:00 AM,14450
Montour,09/01/2020 12:00:00 AM,150
Venango,05/01/2020 12:00:00 AM,0
Monroe,09/01/2021 12:00:00 AM,10292
Chester,11/01/2020 12:00:00 AM,11849
McKean,05/01/2020 12:00:00 AM,27
Montgomery,07/01/2020 12:00:00 AM,26495
Potter,12/01/2020 12:00:00 AM,326
Washington,09/01/2021 12:00:00 AM,10272
Snyder,09/01/2021 12:00:00 AM,2784
Elk,04/01/2021 12:00:00 AM,1155
Cumberland,09/01/2021 12:00:00 AM,16813
Northumberland,08/01/2021 12:00:00 AM,11440
Northampton,06/01/2021 12:00:00 AM,21679
Wyoming,02/01/2021 12:00:00 AM,1127
Philadelphia,11/01/2021 12:00:00 AM,65040
Allegheny,02/01/2021 12:00:00 AM,47651
Berks,09/01/2021 12:00:00 AM,32428
York,04/01/2020 12:00:00 AM,176
Greene,07/01/2020 12:00:00 AM,2
Clinton,02/01/2021 12:00:00 AM,1601
Elk,07/01/2020 12:00:00 AM,41
Lehigh,02/01/2021 12:00:00 AM,21063
Bradford,04/01/2021 12:00:00 AM,2543
Snyder,10/01/2021 12:00:00 AM,3117
Philadelphia,08/01/2021 12:00:00 AM,118744
Wyoming,07/01/2020 12:00:00 AM,228
Monroe,03/01/2020 12:00:00 AM,46
Philadelphia,01/01/2021 12:00:00 AM,88461
Venango,03/01/2020 12:00:00 AM,0
Snyder,06/01/2021 12:00:00 AM,2587
Bradford,02/01/2021 12:00:00 AM,2098
Bucks,07/01/2021 12:00:00 AM,41607
Union,12/01/2020 12:00:00 AM,994
Forest,05/01/2020 12:00:00 AM,0
Lackawanna,06/01/2020 12:00:00 AM,5998
Snyder,09/01/2020 12:00:00 AM,150
Cambria,10/01/2020 12:00:00 AM,245
Carbon,09/01/2020 12:00:00 AM,840
Erie,10/01/2020 12:00:00 AM,1192
Montour,06/01/2021 12:00:00 AM,2010
Snyder,08/01/2020 12:00:00 AM,69
Mercer,09/01/2020 12:00:00 AM,578
Clinton,04/01/2021 12:00:00 AM,1887
Westmoreland,06/01/2021 12:00:00 AM,23350
Bedford,09/01/2021 12:00:00 AM,4488
Somerset,09/01/2021 12:00:00 AM,6738
Adams,02/01/2021 12:00:00 AM,4139
Blair,05/01/2020 12:00:00 AM,20
Monroe,05/01/2020 12:00:00 AM,2889
Mercer,10/01/2020 12:00:00 AM,852
Indiana,03/01/2020 12:00:00 AM,0
Cumberland,11/01/2021 12:00:00 AM,10238
Warren,02/01/2021 12:00:00 AM,2747
Chester,05/01/2020 12:00:00 AM,7537
Lycoming,02/01/2021 12:00:00 AM,6818
Chester,03/01/2020 12:00:00 AM,0
Lycoming,06/01/2021 12:00:00 AM,8865
Montour,09/01/2021 12:00:00 AM,2028
Lancaster,03/01/2021 12:00:00 AM,33224
Montour,10/01/2020 12:00:00 AM,277
Monroe,02/01/2021 12:00:00 AM,7262
Washington,03/01/2021 12:00:00 AM,8557
Adams,07/01/2020 12:00:00 AM,497
Dauphin,06/01/2021 12:00:00 AM,16776
Cambria,06/01/2021 12:00:00 AM,13318
Huntingdon,07/01/2020 12:00:00 AM,124
Elk,05/01/2020 12:00:00 AM,0
Mifflin,03/01/2021 12:00:00 AM,5424
Clarion,09/01/2021 12:00:00 AM,3085
York,08/01/2020 12:00:00 AM,3528
Juniata,07/01/2021 12:00:00 AM,2728
Jefferson,06/01/2021 12:00:00 AM,3060
Potter,08/01/2020 12:00:00 AM,0
Lehigh,07/01/2020 12:00:00 AM,10339
Somerset,10/01/2020 12:00:00 AM,93
Forest,07/01/2021 12:00:00 AM,651
Clarion,01/01/2021 12:00:00 AM,2089
Franklin,07/01/2020 12:00:00 AM,1454
Northumberland,07/01/2020 12:00:00 AM,340
Northampton,04/01/2020 12:00:00 AM,1316
Pike,06/01/2021 12:00:00 AM,1620
Pike,05/01/2020 12:00:00 AM,538
Northumberland,08/01/2020 12:00:00 AM,812
Lebanon,01/01/2021 12:00:00 AM,6330
Crawford,03/01/2020 12:00:00 AM,0
Potter,10/01/2020 12:00:00 AM,22
Perry,06/01/2021 12:00:00 AM,3017
Union,09/01/2020 12:00:00 AM,180
Wyoming,10/01/2020 12:00:00 AM,255
Bucks,11/01/2021 12:00:00 AM,23267
Luzerne,03/01/2021 12:00:00 AM,23650
Adams,11/01/2020 12:00:00 AM,1238
Cameron,03/01/2020 12:00:00 AM,0
Wayne,07/01/2021 12:00:00 AM,2604
Mercer,06/01/2021 12:00:00 AM,7907
Fulton,11/01/2020 12:00:00 AM,159
Lancaster,06/01/2020 12:00:00 AM,10415
Wayne,09/01/2021 12:00:00 AM,2772
Butler,05/01/2020 12:00:00 AM,352
Chester,04/01/2020 12:00:00 AM,2031
Butler,01/01/2021 12:00:00 AM,9679
Delaware,11/01/2020 12:00:00 AM,23856
Susquehanna,04/01/2020 12:00:00 AM,150
Jefferson,12/01/2020 12:00:00 AM,1158
Schuylkill,05/01/2021 12:00:00 AM,12539
Mercer,01/01/2021 12:00:00 AM,6641
Bucks,12/01/2020 12:00:00 AM,26219
Monroe,04/01/2021 12:00:00 AM,8893
Indiana,03/01/2021 12:00:00 AM,5039
Fayette,01/01/2021 12:00:00 AM,6754
Jefferson,01/01/2021 12:00:00 AM,2319
Centre,03/01/2021 12:00:00 AM,6627
Lancaster,08/01/2021 12:00:00 AM,36682
Berks,08/01/2021 12:00:00 AM,32548
Dauphin,07/01/2021 12:00:00 AM,17472
Lebanon,05/01/2020 12:00:00 AM,774
Sullivan,09/01/2020 12:00:00 AM,0
Union,06/01/2020 12:00:00 AM,56
Monroe,08/01/2020 12:00:00 AM,4065
Berks,10/01/2021 12:00:00 AM,35164
Blair,08/01/2021 12:00:00 AM,10710
Dauphin,01/01/2021 12:00:00 AM,13118
Cambria,12/01/2020 12:00:00 AM,6787
Wyoming,03/01/2020 12:00:00 AM,0
Luzerne,09/01/2021 12:00:00 AM,26025
Berks,01/01/2021 12:00:00 AM,22810
Lehigh,09/01/2021 12:00:00 AM,26967
Schuylkill,06/01/2021 12:00:00 AM,12392
Northampton,05/01/2021 12:00:00 AM,22167
Carbon,02/01/2021 12:00:00 AM,4046
Jefferson,07/01/2020 12:00:00 AM,31
Armstrong,09/01/2020 12:00:00 AM,516
Greene,01/01/2021 12:00:00 AM,865
Erie,08/01/2021 12:00:00 AM,13257
Butler,08/01/2021 12:00:00 AM,13362
Juniata,11/01/2020 12:00:00 AM,368
York,07/01/2021 12:00:00 AM,26066
Mercer,03/01/2021 12:00:00 AM,7678
Adams,11/01/2021 12:00:00 AM,3797
Indiana,07/01/2021 12:00:00 AM,5642
Centre,08/01/2021 12:00:00 AM,7140
Erie,11/01/2021 12:00:00 AM,8199
Beaver,07/01/2020 12:00:00 AM,2608
Crawford,07/01/2021 12:00:00 AM,4859
Allegheny,06/01/2021 12:00:00 AM,60685
Centre,07/01/2020 12:00:00 AM,287
Cumberland,05/01/2020 12:00:00 AM,1393
Perry,12/01/2020 12:00:00 AM,801
Huntingdon,08/01/2020 12:00:00 AM,146
Susquehanna,07/01/2020 12:00:00 AM,800
Sullivan,05/01/2020 12:00:00 AM,0
Berks,02/01/2021 12:00:00 AM,24772
Fulton,11/01/2021 12:00:00 AM,560
Venango,06/01/2020 12:00:00 AM,0
McKean,06/01/2020 12:00:00 AM,30
Cambria,05/01/2020 12:00:00 AM,62
Cumberland,07/01/2021 12:00:00 AM,16383
Crawford,07/01/2020 12:00:00 AM,31
Lackawanna,12/01/2020 12:00:00 AM,8030
Chester,08/01/2021 12:00:00 AM,26115
Monroe,05/01/2021 12:00:00 AM,9718
Snyder,11/01/2020 12:00:00 AM,587
Lawrence,10/01/2021 12:00:00 AM,8108
Blair,02/01/2021 12:00:00 AM,8307
Cameron,07/01/2020 12:00:00 AM,0
Somerset,12/01/2020 12:00:00 AM,1917
Armstrong,03/01/2021 12:00:00 AM,3716
Lackawanna,10/01/2021 12:00:00 AM,16016
Potter,09/01/2020 12:00:00 AM,0
Luzerne,02/01/2021 12:00:00 AM,20212
Cameron,02/01/2021 12:00:00 AM,112
Clearfield,06/01/2020 12:00:00 AM,0
Bucks,02/01/2021 12:00:00 AM,31144
Fayette,08/01/2020 12:00:00 AM,179
Schuylkill,04/01/2020 12:00:00 AM,128
Wyoming,07/01/2021 12:00:00 AM,1674
Lebanon,11/01/2021 12:00:00 AM,5542
Tioga,12/01/2020 12:00:00 AM,1571
Greene,09/01/2020 12:00:00 AM,30
McKean,04/01/2021 12:00:00 AM,2003
Beaver,11/01/2020 12:00:00 AM,4534
Franklin,05/01/2021 12:00:00 AM,11401
Schuylkill,03/01/2020 12:00:00 AM,0
Venango,02/01/2021 12:00:00 AM,2235
Butler,04/01/2020 12:00:00 AM,174
York,12/01/2020 12:00:00 AM,11353
York,08/01/2021 12:00:00 AM,26404
Pike,02/01/2021 12:00:00 AM,1310
Potter,05/01/2020 12:00:00 AM,0
Wyoming,04/01/2020 12:00:00 AM,39
Somerset,01/01/2021 12:00:00 AM,4789
Crawford,10/01/2021 12:00:00 AM,5748
Forest,04/01/2021 12:00:00 AM,630
Elk,09/01/2021 12:00:00 AM,1431
Lawrence,06/01/2020 12:00:00 AM,270
Clearfield,05/01/2020 12:00:00 AM,0
Montgomery,11/01/2021 12:00:00 AM,30027
Bradford,11/01/2021 12:00:00 AM,2034
Franklin,02/01/2021 12:00:00 AM,8859
York,01/01/2021 12:00:00 AM,18452
Delaware,07/01/2020 12:00:00 AM,21724
Lehigh,04/01/2020 12:00:00 AM,1384
Schuylkill,10/01/2021 12:00:00 AM,14420
Carbon,01/01/2021 12:00:00 AM,3496
Mifflin,09/01/2020 12:00:00 AM,49
Adams,08/01/2021 12:00:00 AM,5911
Delaware,08/01/2020 12:00:00 AM,22880
Dauphin,02/01/2021 12:00:00 AM,13667
Mercer,09/01/2021 12:00:00 AM,8616
Westmoreland,12/01/2020 12:00:00 AM,11511
Butler,02/01/2021 12:00:00 AM,10201
Mifflin,07/01/2020 12:00:00 AM,31
Armstrong,11/01/2020 12:00:00 AM,1139
Philadelphia,03/01/2020 12:00:00 AM,82
Columbia,08/01/2020 12:00:00 AM,1085
Schuylkill,08/01/2020 12:00:00 AM,1662
Union,08/01/2021 12:00:00 AM,2822
Blair,06/01/2021 12:00:00 AM,10232
Pike,03/01/2020 12:00:00 AM,7
Huntingdon,03/01/2021 12:00:00 AM,3879
Lancaster,07/01/2020 12:00:00 AM,12269
Lebanon,07/01/2021 12:00:00 AM,9230
Cameron,11/01/2020 12:00:00 AM,0
Luzerne,12/01/2020 12:00:00 AM,13238
Monroe,06/01/2021 12:00:00 AM,9630
Union,04/01/2020 12:00:00 AM,9
Allegheny,05/01/2020 12:00:00 AM,4816
Lycoming,06/01/2020 12:00:00 AM,567
Huntingdon,11/01/2020 12:00:00 AM,1509
Mifflin,04/01/2020 12:00:00 AM,20
Montgomery,12/01/2020 12:00:00 AM,33928
Elk,03/01/2020 12:00:00 AM,0
Schuylkill,03/01/2021 12:00:00 AM,11800
Mercer,05/01/2021 12:00:00 AM,7995
Lancaster,04/01/2020 12:00:00 AM,2617
York,09/01/2021 12:00:00 AM,26782
Franklin,09/01/2020 12:00:00 AM,1518
Adams,04/01/2021 12:00:00 AM,5024
Jefferson,02/01/2021 12:00:00 AM,2474
Lebanon,08/01/2020 12:00:00 AM,1752
Susquehanna,06/01/2021 12:00:00 AM,1860
Armstrong,05/01/2020 12:00:00 AM,104
Clarion,11/01/2020 12:00:00 AM,214
Beaver,07/01/2021 12:00:00 AM,12145
Bradford,03/01/2021 12:00:00 AM,2490
Greene,08/01/2021 12:00:00 AM,1316
Clearfield,11/01/2021 12:00:00 AM,3453
Cameron,01/01/2021 12:00:00 AM,121
Snyder,04/01/2020 12:00:00 AM,0
Erie,05/01/2020 12:00:00 AM,119
Columbia,11/01/2020 12:00:00 AM,1401
Northumberland,10/01/2021 12:00:00 AM,12493
Union,07/01/2020 12:00:00 AM,62
Crawford,11/01/2021 12:00:00 AM,3222
Franklin,03/01/2021 12:00:00 AM,10381
Bucks,01/01/2021 12:00:00 AM,31126
Huntingdon,06/01/2021 12:00:00 AM,4050
Monroe,07/01/2021 12:00:00 AM,9986
Beaver,06/01/2021 12:00:00 AM,11665
Lawrence,03/01/2020 12:00:00 AM,7
Juniata,04/01/2021 12:00:00 AM,2496
Clarion,12/01/2020 12:00:00 AM,1012
Snyder,03/01/2021 12:00:00 AM,2566
Bradford,09/01/2021 12:00:00 AM,3133
Montour,03/01/2020 12:00:00 AM,0
Snyder,02/01/2021 12:00:00 AM,2199
Erie,10/01/2021 12:00:00 AM,14855
Juniata,12/01/2020 12:00:00 AM,1225
Wayne,05/01/2021 12:00:00 AM,2482
Sullivan,07/01/2020 12:00:00 AM,0
Carbon,04/01/2021 12:00:00 AM,4930
Clarion,07/01/2021 12:00:00 AM,3007
Lehigh,12/01/2020 12:00:00 AM,14533
Centre,11/01/2021 12:00:00 AM,4016
Venango,07/01/2021 12:00:00 AM,3162
Adams,12/01/2020 12:00:00 AM,2086
Crawford,04/01/2020 12:00:00 AM,0
Franklin,04/01/2020 12:00:00 AM,71
Beaver,11/01/2021 12:00:00 AM,7939
Fayette,10/01/2020 12:00:00 AM,377
Warren,03/01/2020 12:00:00 AM,0
Tioga,04/01/2020 12:00:00 AM,9
Washington,10/01/2021 12:00:00 AM,11940
Warren,06/01/2021 12:00:00 AM,3132
Wyoming,06/01/2020 12:00:00 AM,210
Monroe,11/01/2020 12:00:00 AM,4203
York,04/01/2021 12:00:00 AM,23288
Pike,09/01/2021 12:00:00 AM,1703
Perry,06/01/2020 12:00:00 AM,137
Snyder,05/01/2021 12:00:00 AM,2643
Delaware,05/01/2021 12:00:00 AM,43403
Crawford,03/01/2021 12:00:00 AM,4362
Lawrence,12/01/2020 12:00:00 AM,3679
Lancaster,10/01/2020 12:00:00 AM,14637
Cameron,05/01/2021 12:00:00 AM,200
Jefferson,07/01/2021 12:00:00 AM,3162
Butler,06/01/2020 12:00:00 AM,377
Delaware,10/01/2021 12:00:00 AM,46367
Wyoming,05/01/2021 12:00:00 AM,1597
Northampton,01/01/2021 12:00:00 AM,16668
Cumberland,06/01/2021 12:00:00 AM,15785
Fayette,05/01/2021 12:00:00 AM,9877
Erie,06/01/2020 12:00:00 AM,286
Chester,02/01/2021 12:00:00 AM,20043
Cameron,04/01/2021 12:00:00 AM,156
Erie,07/01/2020 12:00:00 AM,439
Perry,09/01/2021 12:00:00 AM,3150
Butler,09/01/2020 12:00:00 AM,680
Bedford,07/01/2020 12:00:00 AM,124
Greene,03/01/2020 12:00:00 AM,0
Jefferson,08/01/2021 12:00:00 AM,3171
Somerset,04/01/2021 12:00:00 AM,5909
Philadelphia,06/01/2020 12:00:00 AM,48960
Berks,06/01/2021 12:00:00 AM,31260
Columbia,06/01/2021 12:00:00 AM,4043
Huntingdon,09/01/2020 12:00:00 AM,179
Lebanon,09/01/2021 12:00:00 AM,9345
Cumberland,04/01/2021 12:00:00 AM,15224
Chester,10/01/2020 12:00:00 AM,11725
Erie,04/01/2021 12:00:00 AM,12059
Mercer,04/01/2021 12:00:00 AM,7622
Forest,03/01/2020 12:00:00 AM,0
Lackawanna,03/01/2020 12:00:00 AM,18
Cambria,08/01/2021 12:00:00 AM,13950
Beaver,02/01/2021 12:00:00 AM,9555
Beaver,08/01/2020 12:00:00 AM,3000
Elk,01/01/2021 12:00:00 AM,883
Franklin,08/01/2020 12:00:00 AM,1468
Allegheny,09/01/2020 12:00:00 AM,10882
Mifflin,03/01/2020 12:00:00 AM,0
Susquehanna,01/01/2021 12:00:00 AM,1383
Fayette,03/01/2021 12:00:00 AM,8882
Bedford,07/01/2021 12:00:00 AM,4402
Centre,07/01/2021 12:00:00 AM,7076
Wayne,11/01/2020 12:00:00 AM,361
Berks,06/01/2020 12:00:00 AM,10466
Lebanon,11/01/2020 12:00:00 AM,2944
Lehigh,05/01/2020 12:00:00 AM,6088
Elk,05/01/2021 12:00:00 AM,1247
Westmoreland,03/01/2021 12:00:00 AM,21899
York,02/01/2021 12:00:00 AM,19919
Juniata,03/01/2021 12:00:00 AM,2520
Lehigh,06/01/2021 12:00:00 AM,25917
Blair,01/01/2021 12:00:00 AM,7348
Centre,06/01/2020 12:00:00 AM,203
Forest,10/01/2020 12:00:00 AM,30
Philadelphia,10/01/2021 12:00:00 AM,124035
Montour,08/01/2020 12:00:00 AM,120
Blair,06/01/2020 12:00:00 AM,30
Bedford,09/01/2020 12:00:00 AM,180
Snyder,11/01/2021 12:00:00 AM,1718
Greene,10/01/2020 12:00:00 AM,31
Perry,08/01/2021 12:00:00 AM,3139
Jefferson,05/01/2021 12:00:00 AM,3133
Elk,11/01/2021 12:00:00 AM,1015
Bradford,06/01/2021 12:00:00 AM,2810
Lehigh,03/01/2020 12:00:00 AM,24
Monroe,09/01/2020 12:00:00 AM,4020
Butler,11/01/2021 12:00:00 AM,8450
Pike,09/01/2020 12:00:00 AM,660
Mercer,11/01/2021 12:00:00 AM,5714
Somerset,06/01/2021 12:00:00 AM,6515
Susquehanna,10/01/2021 12:00:00 AM,2047
Schuylkill,11/01/2021 12:00:00 AM,7760
Mifflin,09/01/2021 12:00:00 AM,5528
Tioga,11/01/2020 12:00:00 AM,395
Delaware,07/01/2021 12:00:00 AM,44356
Mifflin,05/01/2020 12:00:00 AM,31
Lehigh,08/01/2021 12:00:00 AM,27245
Fayette,10/01/2021 12:00:00 AM,12296
Northampton,09/01/2020 12:00:00 AM,9270
Northumberland,03/01/2021 12:00:00 AM,10396
Lawrence,04/01/2021 12:00:00 AM,6151
Cumberland,06/01/2020 12:00:00 AM,1819
Centre,05/01/2020 12:00:00 AM,122
Washington,04/01/2020 12:00:00 AM,41
Chester,09/01/2020 12:00:00 AM,11023
Fulton,09/01/2020 12:00:00 AM,60
Armstrong,07/01/2020 12:00:00 AM,186
Bucks,09/01/2020 12:00:00 AM,18267
Tioga,04/01/2021 12:00:00 AM,3071
Washington,05/01/2021 12:00:00 AM,9388
Bucks,06/01/2021 12:00:00 AM,39948
Dauphin,10/01/2021 12:00:00 AM,19752
Berks,05/01/2021 12:00:00 AM,31749
Clarion,04/01/2020 12:00:00 AM,19
Lawrence,06/01/2021 12:00:00 AM,6500
Mercer,07/01/2020 12:00:00 AM,265
Lancaster,11/01/2021 12:00:00 AM,21902
Fulton,02/01/2021 12:00:00 AM,383
Cambria,10/01/2021 12:00:00 AM,15636
Franklin,10/01/2020 12:00:00 AM,1670
Fulton,05/01/2021 12:00:00 AM,465
Bedford,08/01/2021 12:00:00 AM,4433
Tioga,06/01/2021 12:00:00 AM,3346
Erie,03/01/2021 12:00:00 AM,12141
Clinton,05/01/2021 12:00:00 AM,2035
Juniata,07/01/2020 12:00:00 AM,186
Washington,06/01/2021 12:00:00 AM,9293
Susquehanna,05/01/2020 12:00:00 AM,456
Adams,09/01/2021 12:00:00 AM,5913
Berks,07/01/2021 12:00:00 AM,32454
Washington,03/01/2020 12:00:00 AM,0
Lawrence,10/01/2020 12:00:00 AM,1008
Clarion,10/01/2020 12:00:00 AM,106
Washington,08/01/2020 12:00:00 AM,667
Armstrong,04/01/2021 12:00:00 AM,3828
Huntingdon,10/01/2021 12:00:00 AM,4856
Bradford,11/01/2020 12:00:00 AM,964
Tioga,07/01/2021 12:00:00 AM,3509
Wayne,10/01/2021 12:00:00 AM,3333
Tioga,05/01/2021 12:00:00 AM,3338
Carbon,10/01/2020 12:00:00 AM,914
Chester,07/01/2021 12:00:00 AM,25939
York,05/01/2021 12:00:00 AM,25138
Columbia,05/01/2021 12:00:00 AM,4123
Northampton,08/01/2020 12:00:00 AM,9458
Perry,05/01/2020 12:00:00 AM,43
Fulton,09/01/2021 12:00:00 AM,677
Lancaster,10/01/2021 12:00:00 AM,40391
Huntingdon,04/01/2020 12:00:00 AM,0
Allegheny,07/01/2020 12:00:00 AM,6803
Juniata,05/01/2020 12:00:00 AM,92
Warren,11/01/2021 12:00:00 AM,2289
Wayne,08/01/2020 12:00:00 AM,332
Potter,06/01/2020 12:00:00 AM,0
Schuylkill,09/01/2020 12:00:00 AM,1632
Union,04/01/2021 12:00:00 AM,2610
Mifflin,08/01/2020 12:00:00 AM,31
Carbon,04/01/2020 12:00:00 AM,252
Somerset,09/01/2020 12:00:00 AM,90
Elk,10/01/2020 12:00:00 AM,62
Columbia,03/01/2020 12:00:00 AM,0
York,06/01/2020 12:00:00 AM,1178
York,11/01/2020 12:00:00 AM,7139
Luzerne,05/01/2020 12:00:00 AM,4232
Crawford,01/01/2021 12:00:00 AM,3649
Lycoming,03/01/2021 12:00:00 AM,8100
Montgomery,05/01/2020 12:00:00 AM,19259
Venango,11/01/2021 12:00:00 AM,2442
Delaware,09/01/2020 12:00:00 AM,22744
Fulton,03/01/2020 12:00:00 AM,0
Elk,10/01/2021 12:00:00 AM,1732
Forest,08/01/2021 12:00:00 AM,651
McKean,07/01/2021 12:00:00 AM,2325
Somerset,07/01/2021 12:00:00 AM,6775
Venango,04/01/2020 12:00:00 AM,0
Carbon,06/01/2020 12:00:00 AM,761
Northampton,06/01/2020 12:00:00 AM,7819
Greene,05/01/2021 12:00:00 AM,1252
Crawford,11/01/2020 12:00:00 AM,371
Lebanon,07/01/2020 12:00:00 AM,1607
Montour,12/01/2020 12:00:00 AM,692
Erie,06/01/2021 12:00:00 AM,12529
Lycoming,07/01/2021 12:00:00 AM,9284
Sullivan,06/01/2021 12:00:00 AM,615
Sullivan,09/01/2021 12:00:00 AM,687
Chester,05/01/2021 12:00:00 AM,25293
Berks,05/01/2020 12:00:00 AM,8545
Luzerne,07/01/2021 12:00:00 AM,25898
Union,07/01/2021 12:00:00 AM,2798
Elk,08/01/2021 12:00:00 AM,1320
York,07/01/2020 12:00:00 AM,2361
Chester,06/01/2021 12:00:00 AM,25016
Fayette,04/01/2021 12:00:00 AM,9092
Forest,07/01/2020 12:00:00 AM,0
Northampton,10/01/2020 12:00:00 AM,9730
Forest,09/01/2021 12:00:00 AM,654
Fulton,10/01/2020 12:00:00 AM,90
Butler,10/01/2021 12:00:00 AM,15299
Somerset,11/01/2020 12:00:00 AM,315
Wyoming,05/01/2020 12:00:00 AM,169
Delaware,05/01/2020 12:00:00 AM,16485
Lawrence,09/01/2020 12:00:00 AM,700
Luzerne,11/01/2021 12:00:00 AM,15376
Lebanon,03/01/2021 12:00:00 AM,8233
Montour,11/01/2020 12:00:00 AM,458
Wayne,09/01/2020 12:00:00 AM,334
Lebanon,10/01/2021 12:00:00 AM,10176
Lycoming,09/01/2021 12:00:00 AM,9565
Chester,11/01/2021 12:00:00 AM,14329
Susquehanna,11/01/2020 12:00:00 AM,950
Sullivan,07/01/2021 12:00:00 AM,651
Berks,11/01/2021 12:00:00 AM,18819
Huntingdon,03/01/2020 12:00:00 AM,0
Susquehanna,04/01/2021 12:00:00 AM,1708
Butler,05/01/2021 12:00:00 AM,12949
Armstrong,05/01/2021 12:00:00 AM,4349
Clinton,01/01/2021 12:00:00 AM,1490
Mifflin,11/01/2021 12:00:00 AM,3417
Erie,08/01/2020 12:00:00 AM,890
Huntingdon,08/01/2021 12:00:00 AM,4248
Mifflin,12/01/2020 12:00:00 AM,3179
Beaver,06/01/2020 12:00:00 AM,2348
York,09/01/2020 12:00:00 AM,4521
Union,10/01/2021 12:00:00 AM,3064
Schuylkill,07/01/2020 12:00:00 AM,1555
Venango,10/01/2020 12:00:00 AM,31
Susquehanna,10/01/2020 12:00:00 AM,873
Warren,11/01/2020 12:00:00 AM,30
McKean,03/01/2021 12:00:00 AM,2014
Juniata,11/01/2021 12:00:00 AM,1924
